{
    "_schemaVersion": "1.0.0",
    "cal":
    {
        "inputs":
        [
            {
                "name":"park",
                "kind":"required",
                "type":["char", "choices={'A','B','C'}"],
                "purpose":"园区编号"
            },
            {
                "name":"DataPath",
                "kind":"namevalue",
                "type":"char",
                "purpose":"输入数据路径"
            },
            {
                "name":"ResultsPath",
                "kind":"namevalue",
                "type":"char",
                "purpose":"输出数据路径"
            },
            {
                "name":"ResultsName",
                "kind":"namevalue",
                "type":"char",
                "purpose":"输出数据文件名"
            },
            {
                "name":"Initialize",
                "kind":"namevalue",
                "type":"logical",
                "purpose":"是否一并初始化非数据部分"
            },
            {
                "name":"Quiet",
                "kind":"namevalue",
                "type":"logical",
                "purpose":"是否关闭输出"
            },
            {
                "name":"Capacity",
                "kind":"namevalue",
                "type":"numeric",
                "purpose":"储能电池容量"
            },
            {
                "name":"Power",
                "kind":"namevalue",
                "type":"numeric",
                "purpose":"储能电池最大功率"
            },
            {
                "name":"IniCapacity",
                "kind":"namevalue",
                "type":"numeric",
                "purpose":"储能电池日初始容量"
            },
            {
                "name":"PvIst",
                "kind":"namevalue",
                "type":"numeric",
                "purpose":"光伏装机容量"
            },
            {
                "name":"wIst",
                "kind":"namevalue",
                "type":"numeric",
                "purpose":"风电装机容量"
            },
            {
                "name":"LoadInc",
                "kind":"namevalue",
                "type":"numeric",
                "purpose":"负载系数"
            }
        ]
    },
    "calU":
    {
        "inputs":
        [
            {
                "name":"DataPath",
                "kind":"namevalue",
                "type":"char",
                "purpose":"输入数据路径"
            },
            {
                "name":"ResultsPath",
                "kind":"namevalue",
                "type":"char",
                "purpose":"输出数据路径"
            },
            {
                "name":"ResultsName",
                "kind":"namevalue",
                "type":"char",
                "purpose":"输出数据文件名"
            },
            {
                "name":"Quiet",
                "kind":"namevalue",
                "type":"logical",
                "purpose":"是否关闭输出"
            },
            {
                "name":"Capacity",
                "kind":"namevalue",
                "type":"numeric",
                "purpose":"储能电池容量"
            },
            {
                "name":"Power",
                "kind":"namevalue",
                "type":"numeric",
                "purpose":"储能电池最大功率"
            },
            {
                "name":"IniCapacity",
                "kind":"namevalue",
                "type":"numeric",
                "purpose":"储能电池日初始容量"
            },
            {
                "name":"PvIst",
                "kind":"namevalue",
                "type":"numeric",
                "purpose":"光伏装机容量(数组[A C])",
                "size": {"rows": [1, 2], "columns": [2, 1]}
            },
            {
                "name":"wIst",
                "kind":"namevalue",
                "type":"numeric",
                "purpose":"风电装机容量(数组[B C])",
                "size": {"rows": [1, 2], "columns": [2, 1]}
            },
            {
                "name":"LoadInc",
                "kind":"namevalue",
                "type":"numeric",
                "purpose":"负载系数"
            }
        ]
    }
}